file,time_seconds,status
bvmod_eq/BVModEq/circ_benchmarks/bxor/benchmarks/lean//02668.lean,4.222574000,ok
bvmod_eq/BVModEq/circ_benchmarks/bxor/benchmarks/lean//02670.lean,4.750451000,ok
bvmod_eq/BVModEq/circ_benchmarks/bxor/benchmarks/lean//02672.lean,5.123400000,ok
bvmod_eq/BVModEq/circ_benchmarks/bxor/benchmarks/lean//02674.lean,5.319962000,ok
bvmod_eq/BVModEq/circ_benchmarks/bxor/benchmarks/lean//02676.lean,12.174198000,ok
bvmod_eq/BVModEq/circ_benchmarks/bxor/benchmarks/lean//02678.lean,6.571088000,ok
bvmod_eq/BVModEq/circ_benchmarks/bxor/benchmarks/lean//02680.lean,5.958575000,ok
bvmod_eq/BVModEq/circ_benchmarks/bxor/benchmarks/lean//02682.lean,6.076228000,ok
bvmod_eq/BVModEq/circ_benchmarks/bxor/benchmarks/lean//02684.lean,5.805654000,ok
bvmod_eq/BVModEq/circ_benchmarks/bxor/benchmarks/lean//02686.lean,5.981223000,ok
bvmod_eq/BVModEq/circ_benchmarks/bxor/benchmarks/lean//02688.lean,6.192043000,ok
bvmod_eq/BVModEq/circ_benchmarks/bxor/benchmarks/lean//02690.lean,6.270161000,ok
bvmod_eq/BVModEq/circ_benchmarks/bxor/benchmarks/lean//02692.lean,6.762584000,ok
bvmod_eq/BVModEq/circ_benchmarks/bxor/benchmarks/lean//02694.lean,13.514669000,ok
bvmod_eq/BVModEq/circ_benchmarks/bxor/benchmarks/lean//02696.lean,8.003832000,ok
bvmod_eq/BVModEq/circ_benchmarks/bxor/benchmarks/lean//02698.lean,7.427706000,ok
bvmod_eq/BVModEq/circ_benchmarks/bxor/benchmarks/lean//02700.lean,4.401590000,ok
bvmod_eq/BVModEq/circ_benchmarks/bxor/benchmarks/lean//02702.lean,5.293455000,error
bvmod_eq/BVModEq/circ_benchmarks/bxor/benchmarks/lean//02704.lean,5.823531000,error
bvmod_eq/BVModEq/circ_benchmarks/bxor/benchmarks/lean//02706.lean,6.280993000,ok
bvmod_eq/BVModEq/circ_benchmarks/bxor/benchmarks/lean//02708.lean,6.509224000,ok
bvmod_eq/BVModEq/circ_benchmarks/bxor/benchmarks/lean//02710.lean,6.776246000,ok
bvmod_eq/BVModEq/circ_benchmarks/bxor/benchmarks/lean//02712.lean,13.397048000,ok
bvmod_eq/BVModEq/circ_benchmarks/bxor/benchmarks/lean//02714.lean,8.423424000,ok
bvmod_eq/BVModEq/circ_benchmarks/bxor/benchmarks/lean//02716.lean,8.061508000,ok
bvmod_eq/BVModEq/circ_benchmarks/bxor/benchmarks/lean//02718.lean,61.865602000,ok
bvmod_eq/BVModEq/circ_benchmarks/bxor/benchmarks/lean//02720.lean,17.798930000,ok
bvmod_eq/BVModEq/circ_benchmarks/bxor/benchmarks/lean//02722.lean,9.011409000,ok
bvmod_eq/BVModEq/circ_benchmarks/bxor/benchmarks/lean//02724.lean,9.296354000,ok
bvmod_eq/BVModEq/circ_benchmarks/bxor/benchmarks/lean//02726.lean,9.622253000,ok
bvmod_eq/BVModEq/circ_benchmarks/bxor/benchmarks/lean//02728.lean,9.934785000,ok
bvmod_eq/BVModEq/circ_benchmarks/bxor/benchmarks/lean//02730.lean,10.695809000,ok
bvmod_eq/BVModEq/circ_benchmarks/bxor/benchmarks/lean//02732.lean,13.031387000,ok
bvmod_eq/BVModEq/circ_benchmarks/bxor/benchmarks/lean//02734.lean,5.573773000,error
bvmod_eq/BVModEq/circ_benchmarks/bxor/benchmarks/lean//02736.lean,6.635607000,error
bvmod_eq/BVModEq/circ_benchmarks/bxor/benchmarks/lean//02738.lean,7.423980000,ok
bvmod_eq/BVModEq/circ_benchmarks/bxor/benchmarks/lean//02740.lean,7.525720000,ok
bvmod_eq/BVModEq/circ_benchmarks/bxor/benchmarks/lean//02742.lean,8.133172000,ok
bvmod_eq/BVModEq/circ_benchmarks/bxor/benchmarks/lean//02744.lean,8.424520000,ok
bvmod_eq/BVModEq/circ_benchmarks/bxor/benchmarks/lean//02746.lean,9.556968000,ok
bvmod_eq/BVModEq/circ_benchmarks/bxor/benchmarks/lean//02748.lean,16.476053000,ok
bvmod_eq/BVModEq/circ_benchmarks/bxor/benchmarks/lean//02750.lean,11.120510000,ok
bvmod_eq/BVModEq/circ_benchmarks/bxor/benchmarks/lean//02752.lean,10.758586000,ok
bvmod_eq/BVModEq/circ_benchmarks/bxor/benchmarks/lean//02754.lean,10.657026000,ok
bvmod_eq/BVModEq/circ_benchmarks/bxor/benchmarks/lean//02756.lean,11.603827000,ok
bvmod_eq/BVModEq/circ_benchmarks/bxor/benchmarks/lean//02758.lean,14.330709000,ok
bvmod_eq/BVModEq/circ_benchmarks/bxor/benchmarks/lean//02760.lean,18.417416000,ok
bvmod_eq/BVModEq/circ_benchmarks/bxor/benchmarks/lean//02762.lean,14.473243000,ok
bvmod_eq/BVModEq/circ_benchmarks/bxor/benchmarks/lean//02764.lean,5.059116000,ok
bvmod_eq/BVModEq/circ_benchmarks/bxor/benchmarks/lean//02766.lean,5.988029000,error
bvmod_eq/BVModEq/circ_benchmarks/bxor/benchmarks/lean//02768.lean,7.165421000,error
bvmod_eq/BVModEq/circ_benchmarks/bxor/benchmarks/lean//02770.lean,10.613237000,ok
bvmod_eq/BVModEq/circ_benchmarks/bxor/benchmarks/lean//02772.lean,15.161458000,ok
bvmod_eq/BVModEq/circ_benchmarks/bxor/benchmarks/lean//02774.lean,9.749441000,ok
bvmod_eq/BVModEq/circ_benchmarks/bxor/benchmarks/lean//02776.lean,9.911316000,ok
bvmod_eq/BVModEq/circ_benchmarks/bxor/benchmarks/lean//02778.lean,11.228382000,ok
bvmod_eq/BVModEq/circ_benchmarks/bxor/benchmarks/lean//02780.lean,12.146179000,ok
bvmod_eq/BVModEq/circ_benchmarks/bxor/benchmarks/lean//02782.lean,14.870068000,ok
bvmod_eq/BVModEq/circ_benchmarks/bxor/benchmarks/lean//02784.lean,14.723759000,ok
bvmod_eq/BVModEq/circ_benchmarks/bxor/benchmarks/lean//02786.lean,14.385619000,ok
bvmod_eq/BVModEq/circ_benchmarks/bxor/benchmarks/lean//02788.lean,15.262861000,ok
bvmod_eq/BVModEq/circ_benchmarks/bxor/benchmarks/lean//02790.lean,16.552793000,ok
bvmod_eq/BVModEq/circ_benchmarks/bxor/benchmarks/lean//02792.lean,20.163155000,ok
bvmod_eq/BVModEq/circ_benchmarks/bxor/benchmarks/lean//02794.lean,21.109645000,ok
bvmod_eq/BVModEq/circ_benchmarks/bxor/benchmarks/lean//02796.lean,4.874416000,ok
bvmod_eq/BVModEq/circ_benchmarks/bxor/benchmarks/lean//02798.lean,6.258988000,error
bvmod_eq/BVModEq/circ_benchmarks/bxor/benchmarks/lean//02800.lean,7.908651000,error
bvmod_eq/BVModEq/circ_benchmarks/bxor/benchmarks/lean//02802.lean,16.805319000,ok
bvmod_eq/BVModEq/circ_benchmarks/bxor/benchmarks/lean//02804.lean,11.258581000,ok
bvmod_eq/BVModEq/circ_benchmarks/bxor/benchmarks/lean//02806.lean,10.713826000,ok
bvmod_eq/BVModEq/circ_benchmarks/bxor/benchmarks/lean//02808.lean,12.201162000,ok
bvmod_eq/BVModEq/circ_benchmarks/bxor/benchmarks/lean//02810.lean,14.367586000,ok
bvmod_eq/BVModEq/circ_benchmarks/bxor/benchmarks/lean//02812.lean,22.641270000,ok
bvmod_eq/BVModEq/circ_benchmarks/bxor/benchmarks/lean//02814.lean,17.527222000,ok
bvmod_eq/BVModEq/circ_benchmarks/bxor/benchmarks/lean//02816.lean,17.056187000,ok
bvmod_eq/BVModEq/circ_benchmarks/bxor/benchmarks/lean//02818.lean,18.718705000,ok
bvmod_eq/BVModEq/circ_benchmarks/bxor/benchmarks/lean//02820.lean,27.185116000,ok
bvmod_eq/BVModEq/circ_benchmarks/bxor/benchmarks/lean//02822.lean,20.389183000,ok
bvmod_eq/BVModEq/circ_benchmarks/bxor/benchmarks/lean//02824.lean,22.110843000,ok
bvmod_eq/BVModEq/circ_benchmarks/bxor/benchmarks/lean//02826.lean,31.919292000,ok
bvmod_eq/BVModEq/circ_benchmarks/bxor/benchmarks/lean//02828.lean,4.735541000,ok
bvmod_eq/BVModEq/circ_benchmarks/bxor/benchmarks/lean//02830.lean,6.798871000,error
bvmod_eq/BVModEq/circ_benchmarks/bxor/benchmarks/lean//02832.lean,8.364014000,error
bvmod_eq/BVModEq/circ_benchmarks/bxor/benchmarks/lean//02834.lean,10.691763000,ok
bvmod_eq/BVModEq/circ_benchmarks/bxor/benchmarks/lean//02836.lean,17.733831000,ok
bvmod_eq/BVModEq/circ_benchmarks/bxor/benchmarks/lean//02838.lean,12.342837000,ok
bvmod_eq/BVModEq/circ_benchmarks/bxor/benchmarks/lean//02840.lean,13.558122000,ok
bvmod_eq/BVModEq/circ_benchmarks/bxor/benchmarks/lean//02842.lean,16.529476000,ok
bvmod_eq/BVModEq/circ_benchmarks/bxor/benchmarks/lean//02844.lean,19.121181000,ok
bvmod_eq/BVModEq/circ_benchmarks/bxor/benchmarks/lean//02846.lean,23.298082000,ok
bvmod_eq/BVModEq/circ_benchmarks/bxor/benchmarks/lean//02848.lean,19.668808000,ok
bvmod_eq/BVModEq/circ_benchmarks/bxor/benchmarks/lean//02850.lean,21.880246000,ok
bvmod_eq/BVModEq/circ_benchmarks/bxor/benchmarks/lean//02852.lean,27.435536000,ok
bvmod_eq/BVModEq/circ_benchmarks/bxor/benchmarks/lean//02854.lean,24.971253000,ok
bvmod_eq/BVModEq/circ_benchmarks/bxor/benchmarks/lean//02856.lean,27.522185000,ok
bvmod_eq/BVModEq/circ_benchmarks/bxor/benchmarks/lean//02858.lean,33.117193000,ok
bvmod_eq/BVModEq/circ_benchmarks/bxor/benchmarks/lean//02860.lean,6.797292000,ok
bvmod_eq/BVModEq/circ_benchmarks/bxor/benchmarks/lean//02862.lean,6.938808000,error
bvmod_eq/BVModEq/circ_benchmarks/bxor/benchmarks/lean//02864.lean,8.983848000,error
bvmod_eq/BVModEq/circ_benchmarks/bxor/benchmarks/lean//02866.lean,11.674756000,ok
bvmod_eq/BVModEq/circ_benchmarks/bxor/benchmarks/lean//02868.lean,16.978732000,ok
bvmod_eq/BVModEq/circ_benchmarks/bxor/benchmarks/lean//02870.lean,14.463607000,ok
bvmod_eq/BVModEq/circ_benchmarks/bxor/benchmarks/lean//02872.lean,18.744606000,ok
bvmod_eq/BVModEq/circ_benchmarks/bxor/benchmarks/lean//02874.lean,19.016393000,ok
bvmod_eq/BVModEq/circ_benchmarks/bxor/benchmarks/lean//02876.lean,25.844141000,ok
bvmod_eq/BVModEq/circ_benchmarks/bxor/benchmarks/lean//02878.lean,22.781435000,ok
bvmod_eq/BVModEq/circ_benchmarks/bxor/benchmarks/lean//02880.lean,22.186966000,ok
bvmod_eq/BVModEq/circ_benchmarks/bxor/benchmarks/lean//02882.lean,30.208446000,ok
bvmod_eq/BVModEq/circ_benchmarks/bxor/benchmarks/lean//02884.lean,29.407100000,ok
bvmod_eq/BVModEq/circ_benchmarks/bxor/benchmarks/lean//02886.lean,29.321946000,ok
bvmod_eq/BVModEq/circ_benchmarks/bxor/benchmarks/lean//02888.lean,34.619450000,ok
bvmod_eq/BVModEq/circ_benchmarks/bxor/benchmarks/lean//02890.lean,35.708944000,ok
bvmod_eq/BVModEq/circ_benchmarks/bxor/benchmarks/lean//02892.lean,9.721762000,ok
bvmod_eq/BVModEq/circ_benchmarks/bxor/benchmarks/lean//02894.lean,7.522399000,error
bvmod_eq/BVModEq/circ_benchmarks/bxor/benchmarks/lean//02896.lean,12.209666000,error
bvmod_eq/BVModEq/circ_benchmarks/bxor/benchmarks/lean//02898.lean,13.378336000,ok
bvmod_eq/BVModEq/circ_benchmarks/bxor/benchmarks/lean//02900.lean,15.135979000,ok
bvmod_eq/BVModEq/circ_benchmarks/bxor/benchmarks/lean//02902.lean,18.931540000,ok
bvmod_eq/BVModEq/circ_benchmarks/bxor/benchmarks/lean//02904.lean,25.357103000,ok
bvmod_eq/BVModEq/circ_benchmarks/bxor/benchmarks/lean//02906.lean,23.704033000,ok
bvmod_eq/BVModEq/circ_benchmarks/bxor/benchmarks/lean//02908.lean,24.733249000,ok
bvmod_eq/BVModEq/circ_benchmarks/bxor/benchmarks/lean//02910.lean,35.706443000,ok
bvmod_eq/BVModEq/circ_benchmarks/bxor/benchmarks/lean//02912.lean,28.307038000,ok
bvmod_eq/BVModEq/circ_benchmarks/bxor/benchmarks/lean//02914.lean,38.429302000,ok
bvmod_eq/BVModEq/circ_benchmarks/bxor/benchmarks/lean//02916.lean,35.274569000,ok
bvmod_eq/BVModEq/circ_benchmarks/bxor/benchmarks/lean//02918.lean,44.114842000,ok
bvmod_eq/BVModEq/circ_benchmarks/bxor/benchmarks/lean//02920.lean,38.078439000,ok
bvmod_eq/BVModEq/circ_benchmarks/bxor/benchmarks/lean//02922.lean,42.159880000,ok
bvmod_eq/BVModEq/circ_benchmarks/bxor/benchmarks/lean//02924.lean,6.345253000,ok
bvmod_eq/BVModEq/circ_benchmarks/bxor/benchmarks/lean//02926.lean,8.163765000,error
bvmod_eq/BVModEq/circ_benchmarks/bxor/benchmarks/lean//02928.lean,15.350422000,error
bvmod_eq/BVModEq/circ_benchmarks/bxor/benchmarks/lean//02930.lean,14.847803000,ok
bvmod_eq/BVModEq/circ_benchmarks/bxor/benchmarks/lean//02932.lean,16.626558000,ok
bvmod_eq/BVModEq/circ_benchmarks/bxor/benchmarks/lean//02934.lean,19.106303000,ok
bvmod_eq/BVModEq/circ_benchmarks/bxor/benchmarks/lean//02936.lean,25.919907000,ok
bvmod_eq/BVModEq/circ_benchmarks/bxor/benchmarks/lean//02938.lean,24.811212000,ok
bvmod_eq/BVModEq/circ_benchmarks/bxor/benchmarks/lean//02940.lean,27.669663000,ok
bvmod_eq/BVModEq/circ_benchmarks/bxor/benchmarks/lean//02942.lean,29.701019000,ok
bvmod_eq/BVModEq/circ_benchmarks/bxor/benchmarks/lean//02944.lean,32.476878000,ok
bvmod_eq/BVModEq/circ_benchmarks/bxor/benchmarks/lean//02946.lean,41.987036000,ok
bvmod_eq/BVModEq/circ_benchmarks/bxor/benchmarks/lean//02948.lean,39.906759000,ok
bvmod_eq/BVModEq/circ_benchmarks/bxor/benchmarks/lean//02950.lean,49.454154000,ok
bvmod_eq/BVModEq/circ_benchmarks/bxor/benchmarks/lean//02952.lean,46.110547000,ok
bvmod_eq/BVModEq/circ_benchmarks/bxor/benchmarks/lean//02954.lean,54.751561000,ok
bvmod_eq/BVModEq/circ_benchmarks/bxor/benchmarks/lean//02956.lean,9.489386000,ok
bvmod_eq/BVModEq/circ_benchmarks/bxor/benchmarks/lean//02958.lean,8.248684000,error
bvmod_eq/BVModEq/circ_benchmarks/bxor/benchmarks/lean//02960.lean,10.697094000,error
bvmod_eq/BVModEq/circ_benchmarks/bxor/benchmarks/lean//02962.lean,16.220841000,ok
bvmod_eq/BVModEq/circ_benchmarks/bxor/benchmarks/lean//02964.lean,20.628156000,ok
bvmod_eq/BVModEq/circ_benchmarks/bxor/benchmarks/lean//02966.lean,24.330025000,ok
bvmod_eq/BVModEq/circ_benchmarks/bxor/benchmarks/lean//02968.lean,23.084352000,ok
bvmod_eq/BVModEq/circ_benchmarks/bxor/benchmarks/lean//02970.lean,31.475340000,ok
bvmod_eq/BVModEq/circ_benchmarks/bxor/benchmarks/lean//02972.lean,38.086922000,ok
bvmod_eq/BVModEq/circ_benchmarks/bxor/benchmarks/lean//02974.lean,36.925088000,ok
bvmod_eq/BVModEq/circ_benchmarks/bxor/benchmarks/lean//02976.lean,41.420588000,ok
bvmod_eq/BVModEq/circ_benchmarks/bxor/benchmarks/lean//02978.lean,37.523754000,ok
bvmod_eq/BVModEq/circ_benchmarks/bxor/benchmarks/lean//02980.lean,42.527540000,ok
bvmod_eq/BVModEq/circ_benchmarks/bxor/benchmarks/lean//02982.lean,42.984463000,ok
bvmod_eq/BVModEq/circ_benchmarks/bxor/benchmarks/lean//02984.lean,54.286037000,ok
bvmod_eq/BVModEq/circ_benchmarks/bxor/benchmarks/lean//02986.lean,60.037862000,timeout
bvmod_eq/BVModEq/circ_benchmarks/bxor/benchmarks/lean//02988.lean,4.715473000,ok
bvmod_eq/BVModEq/circ_benchmarks/bxor/benchmarks/lean//02990.lean,11.767947000,error
bvmod_eq/BVModEq/circ_benchmarks/bxor/benchmarks/lean//02992.lean,11.230265000,error
bvmod_eq/BVModEq/circ_benchmarks/bxor/benchmarks/lean//02994.lean,17.318108000,ok
bvmod_eq/BVModEq/circ_benchmarks/bxor/benchmarks/lean//02996.lean,21.453056000,ok
bvmod_eq/BVModEq/circ_benchmarks/bxor/benchmarks/lean//02998.lean,29.440107000,ok
bvmod_eq/BVModEq/circ_benchmarks/bxor/benchmarks/lean//03000.lean,23.783939000,ok
bvmod_eq/BVModEq/circ_benchmarks/bxor/benchmarks/lean//03002.lean,32.539760000,ok
bvmod_eq/BVModEq/circ_benchmarks/bxor/benchmarks/lean//03004.lean,42.643628000,ok
bvmod_eq/BVModEq/circ_benchmarks/bxor/benchmarks/lean//03006.lean,37.026529000,ok
bvmod_eq/BVModEq/circ_benchmarks/bxor/benchmarks/lean//03008.lean,39.586803000,ok
bvmod_eq/BVModEq/circ_benchmarks/bxor/benchmarks/lean//03010.lean,42.990451000,ok
bvmod_eq/BVModEq/circ_benchmarks/bxor/benchmarks/lean//03012.lean,45.784748000,ok
bvmod_eq/BVModEq/circ_benchmarks/bxor/benchmarks/lean//03014.lean,51.780986000,ok
bvmod_eq/BVModEq/circ_benchmarks/bxor/benchmarks/lean//03016.lean,55.388279000,ok
bvmod_eq/BVModEq/circ_benchmarks/bxor/benchmarks/lean//03018.lean,60.040413000,timeout
bvmod_eq/BVModEq/circ_benchmarks/bxor/benchmarks/lean//03020.lean,5.301758000,ok
bvmod_eq/BVModEq/circ_benchmarks/bxor/benchmarks/lean//03022.lean,17.315447000,error
bvmod_eq/BVModEq/circ_benchmarks/bxor/benchmarks/lean//03024.lean,12.769701000,error
bvmod_eq/BVModEq/circ_benchmarks/bxor/benchmarks/lean//03026.lean,19.192327000,ok
bvmod_eq/BVModEq/circ_benchmarks/bxor/benchmarks/lean//03028.lean,23.522467000,ok
bvmod_eq/BVModEq/circ_benchmarks/bxor/benchmarks/lean//03030.lean,34.730242000,ok
bvmod_eq/BVModEq/circ_benchmarks/bxor/benchmarks/lean//03032.lean,27.338859000,ok
bvmod_eq/BVModEq/circ_benchmarks/bxor/benchmarks/lean//03034.lean,43.311511000,ok
bvmod_eq/BVModEq/circ_benchmarks/bxor/benchmarks/lean//03036.lean,38.464594000,ok
bvmod_eq/BVModEq/circ_benchmarks/bxor/benchmarks/lean//03038.lean,51.266260000,ok
bvmod_eq/BVModEq/circ_benchmarks/bxor/benchmarks/lean//03040.lean,53.774020000,ok
bvmod_eq/BVModEq/circ_benchmarks/bxor/benchmarks/lean//03042.lean,48.660233000,ok
bvmod_eq/BVModEq/circ_benchmarks/bxor/benchmarks/lean//03044.lean,51.283445000,ok
bvmod_eq/BVModEq/circ_benchmarks/bxor/benchmarks/lean//03046.lean,122.679051000,timeout
bvmod_eq/BVModEq/circ_benchmarks/bxor/benchmarks/lean//03048.lean,60.045368000,timeout
bvmod_eq/BVModEq/circ_benchmarks/bxor/benchmarks/lean//03050.lean,60.060746000,timeout
bvmod_eq/BVModEq/circ_benchmarks/bxor/benchmarks/lean//03052.lean,10.799899000,ok
bvmod_eq/BVModEq/circ_benchmarks/bxor/benchmarks/lean//03054.lean,21.258030000,error
bvmod_eq/BVModEq/circ_benchmarks/bxor/benchmarks/lean//03056.lean,16.366103000,error
bvmod_eq/BVModEq/circ_benchmarks/bxor/benchmarks/lean//03058.lean,25.670479000,ok
bvmod_eq/BVModEq/circ_benchmarks/bxor/benchmarks/lean//03060.lean,38.141490000,ok
bvmod_eq/BVModEq/circ_benchmarks/bxor/benchmarks/lean//03062.lean,31.962364000,ok
bvmod_eq/BVModEq/circ_benchmarks/bxor/benchmarks/lean//03064.lean,52.018732000,ok
bvmod_eq/BVModEq/circ_benchmarks/bxor/benchmarks/lean//03066.lean,43.009973000,ok
bvmod_eq/BVModEq/circ_benchmarks/bxor/benchmarks/lean//03068.lean,49.194366000,ok
bvmod_eq/BVModEq/circ_benchmarks/bxor/benchmarks/lean//03070.lean,60.055468000,timeout
bvmod_eq/BVModEq/circ_benchmarks/bxor/benchmarks/lean//03072.lean,57.852711000,ok
bvmod_eq/BVModEq/circ_benchmarks/bxor/benchmarks/lean//03074.lean,56.760105000,ok
bvmod_eq/BVModEq/circ_benchmarks/bxor/benchmarks/lean//03076.lean,60.053705000,timeout
bvmod_eq/BVModEq/circ_benchmarks/bxor/benchmarks/lean//03078.lean,60.043150000,timeout
bvmod_eq/BVModEq/circ_benchmarks/bxor/benchmarks/lean//03080.lean,60.068645000,timeout
bvmod_eq/BVModEq/circ_benchmarks/bxor/benchmarks/lean//03082.lean,60.039765000,timeout
bvmod_eq/BVModEq/circ_benchmarks/bxor/benchmarks/lean//03084.lean,28.014103000,ok
bvmod_eq/BVModEq/circ_benchmarks/bxor/benchmarks/lean//03086.lean,10.683123000,error
bvmod_eq/BVModEq/circ_benchmarks/bxor/benchmarks/lean//03088.lean,15.844259000,error
bvmod_eq/BVModEq/circ_benchmarks/bxor/benchmarks/lean//03090.lean,25.803327000,ok
bvmod_eq/BVModEq/circ_benchmarks/bxor/benchmarks/lean//03092.lean,52.798510000,ok
bvmod_eq/BVModEq/circ_benchmarks/bxor/benchmarks/lean//03094.lean,33.306466000,ok
bvmod_eq/BVModEq/circ_benchmarks/bxor/benchmarks/lean//03096.lean,55.700103000,ok
bvmod_eq/BVModEq/circ_benchmarks/bxor/benchmarks/lean//03098.lean,46.363740000,ok
bvmod_eq/BVModEq/circ_benchmarks/bxor/benchmarks/lean//03100.lean,60.053157000,timeout
bvmod_eq/BVModEq/circ_benchmarks/bxor/benchmarks/lean//03102.lean,56.908561000,ok
bvmod_eq/BVModEq/circ_benchmarks/bxor/benchmarks/lean//03104.lean,60.048116000,timeout
bvmod_eq/BVModEq/circ_benchmarks/bxor/benchmarks/lean//03106.lean,60.050789000,timeout
bvmod_eq/BVModEq/circ_benchmarks/bxor/benchmarks/lean//03108.lean,60.073057000,timeout
bvmod_eq/BVModEq/circ_benchmarks/bxor/benchmarks/lean//03110.lean,60.042740000,timeout
bvmod_eq/BVModEq/circ_benchmarks/bxor/benchmarks/lean//03112.lean,60.064913000,timeout
bvmod_eq/BVModEq/circ_benchmarks/bxor/benchmarks/lean//03114.lean,60.041846000,timeout
bvmod_eq/BVModEq/circ_benchmarks/bxor/benchmarks/lean//03116.lean,27.935820000,ok
bvmod_eq/BVModEq/circ_benchmarks/bxor/benchmarks/lean//03118.lean,10.533703000,error
bvmod_eq/BVModEq/circ_benchmarks/bxor/benchmarks/lean//03120.lean,16.056022000,error
bvmod_eq/BVModEq/circ_benchmarks/bxor/benchmarks/lean//03122.lean,28.593906000,ok
bvmod_eq/BVModEq/circ_benchmarks/bxor/benchmarks/lean//03124.lean,56.433235000,ok
bvmod_eq/BVModEq/circ_benchmarks/bxor/benchmarks/lean//03126.lean,3796.639315000,ok
bvmod_eq/BVModEq/circ_benchmarks/bxor/benchmarks/lean//03128.lean,4544.816494000,timeout
bvmod_eq/BVModEq/circ_benchmarks/bxor/benchmarks/lean//03130.lean,6249.713860000,timeout
bvmod_eq/BVModEq/circ_benchmarks/bxor/benchmarks/lean//03132.lean,4582.234359000,timeout
bvmod_eq/BVModEq/circ_benchmarks/bxor/benchmarks/lean//03134.lean,7445.202514000,timeout
bvmod_eq/BVModEq/circ_benchmarks/bxor/benchmarks/lean//03136.lean,6279.965450000,timeout
bvmod_eq/BVModEq/circ_benchmarks/bxor/benchmarks/lean//03138.lean,7324.383213000,timeout
bvmod_eq/BVModEq/circ_benchmarks/bxor/benchmarks/lean//03140.lean,9499.640138000,timeout
bvmod_eq/BVModEq/circ_benchmarks/bxor/benchmarks/lean//03142.lean,10744.436459000,timeout
bvmod_eq/BVModEq/circ_benchmarks/bxor/benchmarks/lean//03144.lean,8848.568340000,timeout
bvmod_eq/BVModEq/circ_benchmarks/bxor/benchmarks/lean//03146.lean,3645.485036000,timeout
bvmod_eq/BVModEq/circ_benchmarks/bxor/benchmarks/lean//03148.lean,21.244362000,ok
bvmod_eq/BVModEq/circ_benchmarks/bxor/benchmarks/lean//03150.lean,10.580732000,error
bvmod_eq/BVModEq/circ_benchmarks/bxor/benchmarks/lean//03152.lean,16.016789000,error
bvmod_eq/BVModEq/circ_benchmarks/bxor/benchmarks/lean//03154.lean,28.282287000,ok
